{"cameraMode":{"drawMode":0,"name":"Shaded","section":"Shading Mode"},"sceneLighting":true,"audioPlay":false,"sceneViewState":{"m_AlwaysRefresh":false,"showFog":true,"showSkybox":true,"showFlares":true,"showImageEffects":true,"showParticleSystems":true,"showVisualEffectGraphs":true,"m_FxEnabled":true},"in2DMode":false,"pivot":{"x":-4.476765155792236,"y":1.8738396167755128,"z":13.866426467895508},"rotation":{"x":0.18314695358276368,"y":-0.05746227502822876,"z":0.010854097083210945,"w":0.9814030528068543},"size":6.42794132232666,"orthographic":false}