{"cameraMode":{"drawMode":0,"name":"Shaded","section":"Shading Mode"},"sceneLighting":true,"audioPlay":false,"sceneViewState":{"m_AlwaysRefresh":false,"showFog":true,"showSkybox":false,"showFlares":true,"showImageEffects":true,"showParticleSystems":true,"showVisualEffectGraphs":true,"m_FxEnabled":true},"in2DMode":false,"pivot":{"x":-4.363020420074463,"y":1.0330700874328614,"z":1.6556386947631837},"rotation":{"x":-0.18278752267360688,"y":0.6220638751983643,"z":-0.15243148803710938,"w":-0.7459290623664856},"size":10.221661567687989,"orthographic":false}