{"cameraMode":{"drawMode":0,"name":"Shaded","section":"Shading Mode"},"sceneLighting":false,"audioPlay":false,"sceneViewState":{"m_AlwaysRefresh":false,"showFog":true,"showSkybox":true,"showFlares":true,"showImageEffects":true,"showParticleSystems":true,"showVisualEffectGraphs":true,"m_FxEnabled":true},"in2DMode":false,"pivot":{"x":2.5735244750976564,"y":-0.6295529007911682,"z":-12.169870376586914},"rotation":{"x":0.0008739643963053823,"y":-0.9859878420829773,"z":0.16693095862865449,"w":0.0053321425803005699},"size":3.407581329345703,"orthographic":false}