{"cameraMode":{"drawMode":0,"name":"Shaded","section":"Shading Mode"},"sceneLighting":false,"audioPlay":false,"sceneViewState":{"m_AlwaysRefresh":false,"showFog":true,"showSkybox":false,"showFlares":true,"showImageEffects":true,"showParticleSystems":true,"showVisualEffectGraphs":true,"m_FxEnabled":true},"in2DMode":false,"pivot":{"x":4.470348358154297e-8,"y":0.2543478310108185,"z":2.9802322387695315e-8},"rotation":{"x":-0.04064915329217911,"y":-0.7866609692573547,"z":0.05194339528679848,"w":-0.6139323711395264},"size":0.31963351368904116,"orthographic":false}